{
  "token_acc":0.9997842503,
  "ents_p":0.8062015504,
  "ents_r":0.7482014388,
  "ents_f":0.776119403,
  "speed":8385.0086925619,
  "ents_per_type":{
    "VEIC":{
      "p":0.6875,
      "r":1.0,
      "f":0.8148148148
    },
    "PER":{
      "p":0.825,
      "r":0.8461538462,
      "f":0.835443038
    },
    "ORG":{
      "p":1.0,
      "r":0.875,
      "f":0.9333333333
    },
    "LOC":{
      "p":0.7692307692,
      "r":0.4761904762,
      "f":0.5882352941
    }
  }
}